{"stats":{"minecraft:crafted":{"minecraft:cooked_mutton":2},"minecraft:picked_up":{"minecraft:azure_bluet":1,"minecraft:pumpkin":6,"minecraft:dandelion":1,"minecraft:porkchop":10,"minecraft:sand":24,"minecraft:oak_log":20,"minecraft:dirt":13,"minecraft:cooked_mutton":1,"minecraft:wheat_seeds":2,"minecraft:beef":2,"minecraft:stone_pickaxe":2,"minecraft:poppy":1,"minecraft:coal":2,"minecraft:cobblestone":38},"minecraft:killed":{"minecraft:zombie":1,"minecraft:pig":5},"minecraft:used":{"minecraft:cooked_mutton":1,"minecraft:stone_pickaxe":85,"minecraft:dirt":2},"minecraft:custom":{"minecraft:time_since_rest":2552,"minecraft:interact_with_furnace":2,"minecraft:sprint_one_cm":71266,"minecraft:damage_taken":2520,"minecraft:walk_one_cm":70652,"minecraft:mob_kills":6,"minecraft:drop":1,"minecraft:damage_dealt":949,"minecraft:swim_one_cm":7700,"minecraft:fly_one_cm":52102,"minecraft:crouch_one_cm":101,"minecraft:play_time":24101,"minecraft:deaths":7,"minecraft:sneak_time":68,"minecraft:walk_under_water_one_cm":946,"minecraft:jump":403,"minecraft:time_since_death":2520,"minecraft:walk_on_water_one_cm":3010,"minecraft:total_world_time":24101,"minecraft:fall_one_cm":35684},"minecraft:mined":{"minecraft:dandelion":1,"minecraft:pumpkin":3,"minecraft:azure_bluet":1,"minecraft:short_grass":20,"minecraft:oak_log":11,"minecraft:grass_block":4,"minecraft:coal_ore":3,"minecraft:poppy":1,"minecraft:sand":12,"minecraft:dirt":9,"minecraft:stone":33,"minecraft:sandstone":1},"minecraft:killed_by":{"minecraft:skeleton":2,"minecraft:zombie":2},"minecraft:dropped":{"minecraft:cooked_mutton":2}},"DataVersion":3953}