{"stats":{"minecraft:crafted":{"minecraft:oak_planks":32,"minecraft:crafting_table":1,"minecraft:furnace":1,"minecraft:cooked_mutton":5,"minecraft:stick":8,"minecraft:iron_ingot":2,"minecraft:stone_pickaxe":1,"minecraft:stone_sword":1},"minecraft:picked_up":{"minecraft:azure_bluet":1,"minecraft:feather":3,"minecraft:chicken":2,"minecraft:andesite":13,"minecraft:golden_leggings":4,"minecraft:flint":3,"minecraft:oak_log":28,"minecraft:amethyst_block":3,"minecraft:lapis_lazuli":4,"minecraft:dirt":37,"minecraft:cooked_mutton":1,"minecraft:wheat_seeds":33,"minecraft:cobbled_deepslate":37,"minecraft:beef":2,"minecraft:stone_pickaxe":5,"minecraft:calcite":2,"minecraft:poppy":1,"minecraft:oak_planks":24,"minecraft:raw_iron":63,"minecraft:smooth_basalt":2,"minecraft:cooked_porkchop":6,"minecraft:pumpkin":10,"minecraft:oak_fence":6,"minecraft:torch":1,"minecraft:dandelion":1,"minecraft:gravel":21,"minecraft:porkchop":16,"minecraft:sand":24,"minecraft:amethyst_shard":12,"minecraft:diorite":188,"minecraft:white_bed":1,"minecraft:golden_chestplate":4,"minecraft:stone_sword":3,"minecraft:arrow":2,"minecraft:rotten_flesh":8,"minecraft:stone_axe":1,"minecraft:gray_wool":2,"minecraft:black_wool":1,"minecraft:mutton":19,"minecraft:coal":2,"minecraft:rail":3,"minecraft:white_wool":6,"minecraft:cobblestone":145},"minecraft:killed":{"minecraft:pig":9,"minecraft:sheep":3,"minecraft:zombie":2,"minecraft:chicken":2},"minecraft:used":{"minecraft:cooked_mutton":4,"minecraft:diorite":44,"minecraft:stone_sword":24,"minecraft:stone_pickaxe":215,"minecraft:rotten_flesh":6,"minecraft:dirt":6,"minecraft:crafting_table":1,"minecraft:white_bed":1,"minecraft:gravel":3,"minecraft:stone_axe":9,"minecraft:cobblestone":2,"minecraft:furnace":1,"minecraft:cooked_porkchop":5,"minecraft:pumpkin":1},"minecraft:broken":{"minecraft:stone_pickaxe":1},"minecraft:custom":{"minecraft:interact_with_furnace":11,"minecraft:mob_kills":17,"minecraft:interact_with_crafting_table":7,"minecraft:time_since_death":34237,"minecraft:sleep_in_bed":2,"minecraft:time_since_rest":34288,"minecraft:sprint_one_cm":153103,"minecraft:damage_taken":4168,"minecraft:walk_one_cm":240797,"minecraft:drop":5,"minecraft:damage_dealt":2374,"minecraft:swim_one_cm":10457,"minecraft:fly_one_cm":104042,"minecraft:open_chest":4,"minecraft:crouch_one_cm":101,"minecraft:play_time":102101,"minecraft:deaths":10,"minecraft:sneak_time":1336,"minecraft:walk_under_water_one_cm":14230,"minecraft:jump":1037,"minecraft:walk_on_water_one_cm":23385,"minecraft:total_world_time":102101,"minecraft:fall_one_cm":54002},"minecraft:mined":{"minecraft:large_amethyst_bud":1,"minecraft:amethyst_cluster":3,"minecraft:dandelion":1,"minecraft:torch":1,"minecraft:short_grass":54,"minecraft:grass_block":9,"minecraft:calcite":1,"minecraft:poppy":1,"minecraft:cobblestone":3,"minecraft:tall_grass":5,"minecraft:lapis_ore":1,"minecraft:oak_planks":2,"minecraft:diorite":49,"minecraft:sandstone":1,"minecraft:amethyst_block":3,"minecraft:iron_ore":27,"minecraft:andesite":2,"minecraft:pumpkin":4,"minecraft:azure_bluet":1,"minecraft:coal_ore":3,"minecraft:oak_log":19,"minecraft:deepslate_iron_ore":1,"minecraft:rail":1,"minecraft:gravel":3,"minecraft:sand":12,"minecraft:dirt":9,"minecraft:smooth_basalt":1,"minecraft:stone":56,"minecraft:oak_leaves":2,"minecraft:deepslate":7},"minecraft:killed_by":{"minecraft:zombie_villager":1,"minecraft:skeleton":3,"minecraft:zombie":2},"minecraft:dropped":{"minecraft:porkchop":7,"minecraft:cooked_mutton":2,"minecraft:mutton":4,"minecraft:white_wool":3}},"DataVersion":3953}