{"stats":{"minecraft:crafted":{"minecraft:cooked_mutton":2},"minecraft:picked_up":{"minecraft:pumpkin":6,"minecraft:wheat_seeds":1,"minecraft:sand":12,"minecraft:beef":2,"minecraft:porkchop":4,"minecraft:stone_pickaxe":2,"minecraft:oak_log":20,"minecraft:coal":2,"minecraft:dirt":5,"minecraft:cobblestone":33},"minecraft:killed":{"minecraft:zombie":1,"minecraft:pig":1},"minecraft:used":{"minecraft:dirt":1,"minecraft:stone_pickaxe":85},"minecraft:custom":{"minecraft:time_since_rest":6738,"minecraft:crouch_one_cm":90,"minecraft:interact_with_furnace":2,"minecraft:deaths":1,"minecraft:play_time":12101,"minecraft:sprint_one_cm":18492,"minecraft:damage_taken":350,"minecraft:walk_one_cm":28262,"minecraft:sneak_time":42,"minecraft:mob_kills":2,"minecraft:drop":1,"minecraft:jump":183,"minecraft:damage_dealt":343,"minecraft:time_since_death":6630,"minecraft:total_world_time":12101,"minecraft:fall_one_cm":8253,"minecraft:fly_one_cm":17017},"minecraft:mined":{"minecraft:short_grass":8,"minecraft:coal_ore":3,"minecraft:grass_block":4,"minecraft:oak_log":11,"minecraft:dirt":1,"minecraft:sand":12,"minecraft:stone":33,"minecraft:pumpkin":3,"minecraft:sandstone":1},"minecraft:killed_by":{"minecraft:zombie":1},"minecraft:dropped":{"minecraft:cooked_mutton":2}},"DataVersion":3953}