{"stats":{"minecraft:crafted":{"minecraft:crafting_table":1,"minecraft:stick":4,"minecraft:stone_pickaxe":1,"minecraft:stone_sword":1,"minecraft:furnace":1,"minecraft:cooked_mutton":2},"minecraft:picked_up":{"minecraft:raw_iron":4,"minecraft:feather":3,"minecraft:azure_bluet":1,"minecraft:chicken":2,"minecraft:cooked_porkchop":3,"minecraft:pumpkin":10,"minecraft:andesite":13,"minecraft:golden_leggings":1,"minecraft:dandelion":1,"minecraft:porkchop":16,"minecraft:sand":24,"minecraft:oak_log":20,"minecraft:diorite":68,"minecraft:white_bed":1,"minecraft:lapis_lazuli":4,"minecraft:golden_chestplate":1,"minecraft:dirt":37,"minecraft:cooked_mutton":1,"minecraft:stone_axe":1,"minecraft:wheat_seeds":9,"minecraft:beef":2,"minecraft:stone_pickaxe":2,"minecraft:gray_wool":2,"minecraft:poppy":1,"minecraft:black_wool":1,"minecraft:oak_planks":15,"minecraft:mutton":5,"minecraft:coal":2,"minecraft:white_wool":6,"minecraft:cobblestone":60},"minecraft:killed":{"minecraft:sheep":3,"minecraft:zombie":1,"minecraft:pig":9,"minecraft:chicken":2},"minecraft:used":{"minecraft:cooked_mutton":1,"minecraft:diorite":3,"minecraft:stone_sword":1,"minecraft:stone_pickaxe":128,"minecraft:stone_axe":6,"minecraft:dirt":6,"minecraft:crafting_table":1,"minecraft:furnace":1,"minecraft:cooked_porkchop":3,"minecraft:pumpkin":1},"minecraft:custom":{"minecraft:time_since_rest":20552,"minecraft:interact_with_furnace":6,"minecraft:sprint_one_cm":114878,"minecraft:damage_taken":2665,"minecraft:walk_one_cm":123218,"minecraft:mob_kills":15,"minecraft:drop":3,"minecraft:damage_dealt":1897,"minecraft:interact_with_crafting_table":5,"minecraft:swim_one_cm":7700,"minecraft:fly_one_cm":85293,"minecraft:open_chest":2,"minecraft:crouch_one_cm":101,"minecraft:play_time":42101,"minecraft:deaths":7,"minecraft:sneak_time":68,"minecraft:walk_under_water_one_cm":2405,"minecraft:jump":636,"minecraft:time_since_death":20520,"minecraft:walk_on_water_one_cm":5309,"minecraft:total_world_time":42101,"minecraft:fall_one_cm":40891},"minecraft:mined":{"minecraft:iron_ore":4,"minecraft:andesite":2,"minecraft:dandelion":1,"minecraft:pumpkin":4,"minecraft:azure_bluet":1,"minecraft:short_grass":54,"minecraft:oak_log":11,"minecraft:grass_block":9,"minecraft:coal_ore":3,"minecraft:poppy":1,"minecraft:sand":12,"minecraft:dirt":9,"minecraft:tall_grass":5,"minecraft:lapis_ore":1,"minecraft:stone":33,"minecraft:diorite":35,"minecraft:sandstone":1},"minecraft:killed_by":{"minecraft:skeleton":2,"minecraft:zombie":2},"minecraft:dropped":{"minecraft:porkchop":7,"minecraft:cooked_mutton":2,"minecraft:white_wool":3}},"DataVersion":3953}