{"stats":{"minecraft:crafted":{"minecraft:crafting_table":1,"minecraft:furnace":1,"minecraft:cooked_mutton":3,"minecraft:stick":4,"minecraft:iron_ingot":2,"minecraft:stone_pickaxe":1,"minecraft:stone_sword":1},"minecraft:picked_up":{"minecraft:azure_bluet":1,"minecraft:feather":3,"minecraft:chicken":2,"minecraft:andesite":13,"minecraft:golden_leggings":1,"minecraft:oak_log":20,"minecraft:lapis_lazuli":4,"minecraft:dirt":37,"minecraft:cooked_mutton":1,"minecraft:wheat_seeds":9,"minecraft:beef":2,"minecraft:stone_pickaxe":2,"minecraft:poppy":1,"minecraft:oak_planks":15,"minecraft:raw_iron":15,"minecraft:cooked_porkchop":3,"minecraft:pumpkin":10,"minecraft:dandelion":1,"minecraft:porkchop":16,"minecraft:sand":24,"minecraft:diorite":75,"minecraft:white_bed":1,"minecraft:golden_chestplate":1,"minecraft:stone_axe":1,"minecraft:gray_wool":2,"minecraft:black_wool":1,"minecraft:mutton":5,"minecraft:coal":2,"minecraft:white_wool":6,"minecraft:cobblestone":78},"minecraft:killed":{"minecraft:pig":9,"minecraft:sheep":3,"minecraft:zombie":1,"minecraft:chicken":2},"minecraft:used":{"minecraft:cooked_mutton":2,"minecraft:diorite":28,"minecraft:stone_sword":2,"minecraft:stone_pickaxe":165,"minecraft:dirt":6,"minecraft:crafting_table":1,"minecraft:white_bed":1,"minecraft:stone_axe":9,"minecraft:furnace":1,"minecraft:cooked_porkchop":3,"minecraft:pumpkin":1},"minecraft:custom":{"minecraft:interact_with_furnace":7,"minecraft:mob_kills":16,"minecraft:interact_with_crafting_table":5,"minecraft:time_since_death":32520,"minecraft:sleep_in_bed":2,"minecraft:time_since_rest":8544,"minecraft:sprint_one_cm":120429,"minecraft:damage_taken":2781,"minecraft:walk_one_cm":142135,"minecraft:drop":3,"minecraft:damage_dealt":1987,"minecraft:swim_one_cm":7700,"minecraft:fly_one_cm":87585,"minecraft:open_chest":4,"minecraft:crouch_one_cm":101,"minecraft:play_time":54101,"minecraft:deaths":7,"minecraft:sneak_time":68,"minecraft:walk_under_water_one_cm":2405,"minecraft:jump":735,"minecraft:walk_on_water_one_cm":5309,"minecraft:total_world_time":54101,"minecraft:fall_one_cm":41787},"minecraft:mined":{"minecraft:dandelion":1,"minecraft:short_grass":54,"minecraft:grass_block":9,"minecraft:poppy":1,"minecraft:tall_grass":5,"minecraft:lapis_ore":1,"minecraft:diorite":42,"minecraft:sandstone":1,"minecraft:iron_ore":15,"minecraft:andesite":2,"minecraft:pumpkin":4,"minecraft:azure_bluet":1,"minecraft:coal_ore":3,"minecraft:oak_log":11,"minecraft:sand":12,"minecraft:dirt":9,"minecraft:stone":51},"minecraft:killed_by":{"minecraft:skeleton":2,"minecraft:zombie":2},"minecraft:dropped":{"minecraft:porkchop":7,"minecraft:cooked_mutton":2,"minecraft:white_wool":3}},"DataVersion":3953}