{"stats":{"minecraft:picked_up":{"minecraft:stick":1,"minecraft:crafting_table":2,"minecraft:pumpkin":3,"minecraft:leather":2,"minecraft:oak_log":8,"minecraft:gunpowder":2,"minecraft:dirt":8,"minecraft:cooked_mutton":2,"minecraft:wheat_seeds":1,"minecraft:beef":2,"minecraft:oak_sapling":1,"minecraft:coal":12,"minecraft:oak_planks":1,"minecraft:mutton":2,"minecraft:white_wool":1,"minecraft:cobblestone":46,"minecraft:furnace":1},"minecraft:crafted":{"minecraft:cooked_beef":3,"minecraft:oak_planks":32,"minecraft:crafting_table":1,"minecraft:stick":8,"minecraft:wooden_pickaxe":1,"minecraft:stone_pickaxe":2,"minecraft:furnace":1,"minecraft:stone_axe":1,"minecraft:air":0},"minecraft:killed":{"minecraft:sheep":1,"minecraft:zombie":1,"minecraft:creeper":1,"minecraft:cow":2},"minecraft:used":{"minecraft:cooked_mutton":1,"minecraft:stone_pickaxe":42,"minecraft:wooden_pickaxe":16,"minecraft:stone_axe":17,"minecraft:dirt":7,"minecraft:cobblestone":23,"minecraft:crafting_table":2,"minecraft:furnace":1,"minecraft:oak_sapling":1,"minecraft:cooked_beef":3},"minecraft:custom":{"minecraft:time_since_rest":23973,"minecraft:interact_with_furnace":9,"minecraft:sprint_one_cm":40342,"minecraft:damage_taken":515,"minecraft:walk_one_cm":39390,"minecraft:mob_kills":5,"minecraft:drop":6,"minecraft:damage_dealt":820,"minecraft:interact_with_crafting_table":5,"minecraft:fly_one_cm":50666,"minecraft:crouch_one_cm":2171,"minecraft:play_time":28752,"minecraft:deaths":1,"minecraft:sneak_time":409,"minecraft:jump":288,"minecraft:walk_on_water_one_cm":692,"minecraft:time_since_death":23925,"minecraft:total_world_time":28752,"minecraft:fall_one_cm":8779},"minecraft:mined":{"minecraft:furnace":1,"minecraft:birch_leaves":4,"minecraft:pumpkin":3,"minecraft:crafting_table":2,"minecraft:short_grass":7,"minecraft:coal_ore":11,"minecraft:grass_block":3,"minecraft:oak_log":7,"minecraft:dirt":4,"minecraft:stone":46,"minecraft:oak_leaves":6},"minecraft:dropped":{"minecraft:dirt":1,"minecraft:wheat_seeds":1,"minecraft:stone_pickaxe":1,"minecraft:wooden_pickaxe":1,"minecraft:cooked_mutton":1,"minecraft:stick":1}},"DataVersion":3953}