{"stats":{"minecraft:picked_up":{"minecraft:crafting_table":5,"minecraft:chicken":1,"minecraft:andesite":13,"minecraft:leather":2,"minecraft:oak_log":21,"minecraft:gunpowder":2,"minecraft:lapis_lazuli":27,"minecraft:dirt":27,"minecraft:cooked_mutton":2,"minecraft:wheat_seeds":4,"minecraft:beef":2,"minecraft:poppy":1,"minecraft:sugar_cane":2,"minecraft:chest":1,"minecraft:oak_planks":1,"minecraft:furnace":4,"minecraft:stick":1,"minecraft:raw_iron":29,"minecraft:cooked_porkchop":1,"minecraft:pumpkin":3,"minecraft:porkchop":11,"minecraft:diorite":69,"minecraft:rotten_flesh":5,"minecraft:gray_wool":1,"minecraft:oak_sapling":1,"minecraft:black_wool":1,"minecraft:mutton":15,"minecraft:coal":18,"minecraft:white_wool":7,"minecraft:cobblestone":205},"minecraft:crafted":{"minecraft:cooked_beef":3,"minecraft:oak_planks":84,"minecraft:cooked_porkchop":10,"minecraft:crafting_table":2,"minecraft:wooden_pickaxe":1,"minecraft:cooked_chicken":1,"minecraft:furnace":1,"minecraft:stone_axe":2,"minecraft:cooked_mutton":13,"minecraft:air":0,"minecraft:iron_chestplate":1,"minecraft:shield":1,"minecraft:stick":20,"minecraft:iron_ingot":9,"minecraft:stone_pickaxe":4,"minecraft:stone_sword":1,"minecraft:chest":1,"minecraft:white_bed":2,"minecraft:torch":20},"minecraft:killed":{"minecraft:pig":2,"minecraft:creeper":3,"minecraft:sheep":10,"minecraft:zombie":8,"minecraft:cow":2},"minecraft:used":{"minecraft:cooked_mutton":4,"minecraft:stone_sword":20,"minecraft:stone_pickaxe":327,"minecraft:chest":2,"minecraft:wooden_pickaxe":16,"minecraft:shield":1,"minecraft:rotten_flesh":3,"minecraft:iron_chestplate":1,"minecraft:torch":10,"minecraft:dirt":7,"minecraft:crafting_table":6,"minecraft:white_bed":1,"minecraft:stone_axe":60,"minecraft:cobblestone":70,"minecraft:oak_sapling":1,"minecraft:furnace":4,"minecraft:cooked_porkchop":4,"minecraft:cooked_beef":3},"minecraft:broken":{"minecraft:stone_pickaxe":2},"minecraft:custom":{"minecraft:interact_with_furnace":36,"minecraft:mob_kills":26,"minecraft:interact_with_crafting_table":13,"minecraft:time_since_death":53925,"minecraft:time_since_rest":53973,"minecraft:sprint_one_cm":109228,"minecraft:damage_taken":1085,"minecraft:walk_one_cm":106828,"minecraft:damage_blocked_by_shield":75,"minecraft:drop":39,"minecraft:damage_dealt":3271,"minecraft:fly_one_cm":143350,"minecraft:open_chest":3,"minecraft:crouch_one_cm":4731,"minecraft:play_time":58752,"minecraft:deaths":1,"minecraft:sneak_time":1544,"minecraft:jump":862,"minecraft:walk_on_water_one_cm":1988,"minecraft:total_world_time":58752,"minecraft:fall_one_cm":23173},"minecraft:mined":{"minecraft:crafting_table":5,"minecraft:short_grass":19,"minecraft:grass_block":6,"minecraft:poppy":1,"minecraft:chest":1,"minecraft:tall_grass":9,"minecraft:cobblestone":11,"minecraft:lapis_ore":5,"minecraft:sugar_cane":1,"minecraft:diorite":60,"minecraft:furnace":4,"minecraft:iron_ore":29,"minecraft:birch_leaves":4,"minecraft:andesite":12,"minecraft:pumpkin":3,"minecraft:oak_log":20,"minecraft:coal_ore":18,"minecraft:dirt":13,"minecraft:stone":202,"minecraft:oak_leaves":6},"minecraft:dropped":{"minecraft:stone_axe":1,"minecraft:wheat_seeds":4,"minecraft:golden_chestplate":1,"minecraft:cooked_porkchop":3,"minecraft:cobblestone":22,"minecraft:rotten_flesh":2,"minecraft:oak_planks":15,"minecraft:cooked_mutton":1,"minecraft:white_bed":1,"minecraft:stick":1,"minecraft:dirt":20,"minecraft:gray_wool":1,"minecraft:diorite":43,"minecraft:andesite":12,"minecraft:golden_leggings":1,"minecraft:pumpkin":3,"minecraft:wooden_pickaxe":1,"minecraft:stone_pickaxe":1,"minecraft:black_wool":1}},"DataVersion":3953}