{"stats":{"minecraft:picked_up":{"minecraft:crafting_table":5,"minecraft:chicken":1,"minecraft:andesite":13,"minecraft:leather":2,"minecraft:oak_log":23,"minecraft:gunpowder":2,"minecraft:string":1,"minecraft:lapis_lazuli":82,"minecraft:dirt":27,"minecraft:cooked_mutton":2,"minecraft:bone":13,"minecraft:bow":2,"minecraft:wheat_seeds":4,"minecraft:cobbled_deepslate":53,"minecraft:raw_gold":12,"minecraft:beef":2,"minecraft:poppy":1,"minecraft:sugar_cane":2,"minecraft:chest":1,"minecraft:oak_planks":1,"minecraft:furnace":4,"minecraft:stick":1,"minecraft:raw_iron":63,"minecraft:cooked_porkchop":1,"minecraft:pumpkin":3,"minecraft:oak_fence":1,"minecraft:torch":1,"minecraft:gravel":2,"minecraft:porkchop":11,"minecraft:diorite":69,"minecraft:arrow":10,"minecraft:rotten_flesh":14,"minecraft:diamond":19,"minecraft:gray_wool":1,"minecraft:oak_sapling":1,"minecraft:black_wool":1,"minecraft:mutton":15,"minecraft:coal":18,"minecraft:white_wool":7,"minecraft:cobblestone":209},"minecraft:crafted":{"minecraft:cooked_beef":3,"minecraft:oak_planks":92,"minecraft:cooked_porkchop":10,"minecraft:crafting_table":2,"minecraft:iron_helmet":1,"minecraft:wooden_pickaxe":1,"minecraft:cooked_chicken":1,"minecraft:iron_sword":1,"minecraft:furnace":1,"minecraft:stone_axe":2,"minecraft:cooked_mutton":13,"minecraft:air":0,"minecraft:iron_boots":1,"minecraft:iron_chestplate":1,"minecraft:shield":1,"minecraft:stick":28,"minecraft:iron_ingot":35,"minecraft:iron_pickaxe":1,"minecraft:stone_pickaxe":4,"minecraft:stone_sword":1,"minecraft:chest":1,"minecraft:iron_leggings":1,"minecraft:white_bed":2,"minecraft:torch":24},"minecraft:killed":{"minecraft:pig":2,"minecraft:spider":2,"minecraft:creeper":3,"minecraft:skeleton":10,"minecraft:sheep":10,"minecraft:zombie":14,"minecraft:cow":2},"minecraft:used":{"minecraft:cooked_mutton":14,"minecraft:stone_sword":23,"minecraft:stone_pickaxe":336,"minecraft:chest":2,"minecraft:wooden_pickaxe":16,"minecraft:shield":34,"minecraft:iron_sword":47,"minecraft:rotten_flesh":3,"minecraft:iron_chestplate":1,"minecraft:torch":26,"minecraft:dirt":7,"minecraft:crafting_table":6,"minecraft:white_bed":1,"minecraft:iron_pickaxe":115,"minecraft:iron_helmet":1,"minecraft:iron_boots":1,"minecraft:stone_axe":64,"minecraft:cobblestone":105,"minecraft:oak_sapling":1,"minecraft:furnace":5,"minecraft:cooked_porkchop":6,"minecraft:cooked_beef":3,"minecraft:iron_leggings":1},"minecraft:broken":{"minecraft:stone_pickaxe":2},"minecraft:custom":{"minecraft:interact_with_furnace":65,"minecraft:mob_kills":44,"minecraft:interact_with_crafting_table":19,"minecraft:time_since_death":77925,"minecraft:sleep_in_bed":1,"minecraft:time_since_rest":20544,"minecraft:sprint_one_cm":211453,"minecraft:damage_taken":1807,"minecraft:walk_one_cm":164145,"minecraft:damage_blocked_by_shield":2501,"minecraft:drop":46,"minecraft:damage_dealt":6565,"minecraft:fly_one_cm":189493,"minecraft:open_chest":9,"minecraft:crouch_one_cm":4905,"minecraft:play_time":82752,"minecraft:deaths":1,"minecraft:sneak_time":1621,"minecraft:jump":1253,"minecraft:walk_on_water_one_cm":6156,"minecraft:total_world_time":82752,"minecraft:fall_one_cm":33752},"minecraft:mined":{"minecraft:deepslate_diamond_ore":19,"minecraft:crafting_table":5,"minecraft:torch":1,"minecraft:short_grass":19,"minecraft:grass_block":6,"minecraft:poppy":1,"minecraft:chest":1,"minecraft:tall_grass":9,"minecraft:cobblestone":11,"minecraft:deepslate_gold_ore":12,"minecraft:lapis_ore":5,"minecraft:sugar_cane":1,"minecraft:diorite":60,"minecraft:furnace":4,"minecraft:iron_ore":38,"minecraft:birch_leaves":4,"minecraft:andesite":12,"minecraft:pumpkin":3,"minecraft:deepslate_lapis_ore":8,"minecraft:deepslate_iron_ore":25,"minecraft:oak_log":22,"minecraft:coal_ore":18,"minecraft:dirt":13,"minecraft:stone":205,"minecraft:deepslate":47,"minecraft:gold_ore":1,"minecraft:oak_leaves":6},"minecraft:dropped":{"minecraft:stone_axe":1,"minecraft:wheat_seeds":4,"minecraft:golden_chestplate":1,"minecraft:cooked_porkchop":5,"minecraft:oak_fence":1,"minecraft:cobblestone":22,"minecraft:rotten_flesh":10,"minecraft:oak_planks":15,"minecraft:cooked_mutton":1,"minecraft:white_bed":1,"minecraft:stick":1,"minecraft:dirt":20,"minecraft:gray_wool":1,"minecraft:diorite":43,"minecraft:andesite":12,"minecraft:golden_leggings":1,"minecraft:pumpkin":3,"minecraft:wooden_pickaxe":1,"minecraft:stone_pickaxe":1,"minecraft:string":1,"minecraft:black_wool":1}},"DataVersion":3953}