{"stats":{"minecraft:picked_up":{"minecraft:stick":1,"minecraft:oak_sapling":1},"minecraft:used":{"minecraft:oak_sapling":1},"minecraft:custom":{"minecraft:jump":74,"minecraft:time_since_rest":11973,"minecraft:crouch_one_cm":67,"minecraft:deaths":1,"minecraft:sprint_one_cm":8800,"minecraft:play_time":16752,"minecraft:damage_taken":230,"minecraft:time_since_death":11925,"minecraft:walk_one_cm":12735,"minecraft:sneak_time":8,"minecraft:total_world_time":16752,"minecraft:drop":1,"minecraft:fall_one_cm":3153,"minecraft:fly_one_cm":9799},"minecraft:mined":{"minecraft:birch_leaves":4,"minecraft:oak_leaves":6},"minecraft:dropped":{"minecraft:stick":1}},"DataVersion":3953}