{"stats":{"minecraft:crafted":{"minecraft:oak_door":3,"minecraft:oak_planks":172,"minecraft:cooked_chicken":1,"minecraft:furnace":2,"minecraft:cooked_mutton":15,"minecraft:iron_boots":1,"minecraft:stone_pickaxe":5,"minecraft:chest":1,"minecraft:cooked_beef":3,"minecraft:cooked_porkchop":10,"minecraft:crafting_table":2,"minecraft:wooden_pickaxe":1,"minecraft:iron_helmet":1,"minecraft:iron_sword":1,"minecraft:bucket":1,"minecraft:stone_axe":2,"minecraft:air":0,"minecraft:iron_chestplate":1,"minecraft:shield":1,"minecraft:stick":28,"minecraft:iron_ingot":73,"minecraft:iron_pickaxe":1,"minecraft:stone_sword":1,"minecraft:iron_leggings":1,"minecraft:white_bed":2,"minecraft:torch":24},"minecraft:picked_up":{"minecraft:crafting_table":8,"minecraft:chicken":1,"minecraft:amethyst_block":9,"minecraft:string":3,"minecraft:cobbled_deepslate":55,"minecraft:beef":2,"minecraft:calcite":1,"minecraft:poppy":1,"minecraft:light_gray_wool":2,"minecraft:sugar_cane":11,"minecraft:chest":1,"minecraft:furnace":5,"minecraft:raw_iron":100,"minecraft:stick":1,"minecraft:oak_door":10,"minecraft:oak_fence":2,"minecraft:torch":1,"minecraft:porkchop":11,"minecraft:diorite":69,"minecraft:arrow":16,"minecraft:rotten_flesh":23,"minecraft:mutton":25,"minecraft:white_wool":9,"minecraft:cobblestone":307,"minecraft:birch_log":3,"minecraft:andesite":13,"minecraft:leather":2,"minecraft:oak_log":43,"minecraft:gunpowder":4,"minecraft:lapis_lazuli":143,"minecraft:dirt":38,"minecraft:cooked_mutton":2,"minecraft:bone":18,"minecraft:bow":2,"minecraft:wheat_seeds":4,"minecraft:raw_gold":30,"minecraft:oak_planks":1,"minecraft:smooth_basalt":1,"minecraft:cooked_porkchop":1,"minecraft:pumpkin":3,"minecraft:gravel":3,"minecraft:amethyst_shard":16,"minecraft:diamond":25,"minecraft:granite":38,"minecraft:gray_wool":2,"minecraft:coal":18,"minecraft:oak_sapling":2,"minecraft:black_wool":1},"minecraft:killed":{"minecraft:spider":5,"minecraft:skeleton":14,"minecraft:pig":2,"minecraft:zombie_villager":1,"minecraft:bat":1,"minecraft:creeper":4,"minecraft:sheep":15,"minecraft:zombie":24,"minecraft:cow":2},"minecraft:broken":{"minecraft:stone_pickaxe":3,"minecraft:shield":1,"minecraft:iron_pickaxe":1},"minecraft:used":{"minecraft:oak_fence":1,"minecraft:stone_sword":23,"minecraft:chest":2,"minecraft:shield":38,"minecraft:iron_sword":102,"minecraft:cooked_chicken":1,"minecraft:rotten_flesh":3,"minecraft:iron_chestplate":1,"minecraft:oak_door":13,"minecraft:torch":43,"minecraft:dirt":16,"minecraft:lava_bucket":11,"minecraft:iron_helmet":1,"minecraft:iron_boots":1,"minecraft:furnace":7,"minecraft:oak_sapling":1,"minecraft:cooked_beef":3,"minecraft:iron_leggings":1,"minecraft:cooked_mutton":21,"minecraft:water_bucket":6,"minecraft:stone_pickaxe":426,"minecraft:oak_planks":19,"minecraft:wooden_pickaxe":16,"minecraft:crafting_table":10,"minecraft:white_bed":1,"minecraft:bread":5,"minecraft:iron_pickaxe":249,"minecraft:stone_axe":109,"minecraft:cobblestone":164,"minecraft:cooked_porkchop":6,"minecraft:birch_log":3,"minecraft:bucket":19,"minecraft:golden_pickaxe":1},"minecraft:custom":{"minecraft:mob_kills":70,"minecraft:interact_with_crafting_table":24,"minecraft:time_since_death":113925,"minecraft:sprint_one_cm":304152,"minecraft:walk_one_cm":232801,"minecraft:damage_blocked_by_shield":3130,"minecraft:drop":70,"minecraft:play_time":118752,"minecraft:deaths":1,"minecraft:sneak_time":3608,"minecraft:walk_under_water_one_cm":30560,"minecraft:jump":1718,"minecraft:walk_on_water_one_cm":17207,"minecraft:total_world_time":118752,"minecraft:interact_with_furnace":82,"minecraft:sleep_in_bed":1,"minecraft:time_since_rest":56544,"minecraft:damage_taken":2394,"minecraft:damage_dealt":10458,"minecraft:swim_one_cm":48969,"minecraft:fly_one_cm":247382,"minecraft:open_chest":9,"minecraft:crouch_one_cm":5858,"minecraft:fall_one_cm":39281},"minecraft:mined":{"minecraft:diamond_ore":1,"minecraft:deepslate_diamond_ore":24,"minecraft:oak_door":10,"minecraft:granite":38,"minecraft:grass_block":15,"minecraft:furnace":5,"minecraft:iron_ore":74,"minecraft:andesite":12,"minecraft:pumpkin":3,"minecraft:deepslate_lapis_ore":8,"minecraft:deepslate_iron_ore":28,"minecraft:stone":275,"minecraft:amethyst_cluster":4,"minecraft:crafting_table":8,"minecraft:torch":1,"minecraft:short_grass":22,"minecraft:calcite":1,"minecraft:poppy":1,"minecraft:chest":1,"minecraft:tall_grass":9,"minecraft:cobblestone":36,"minecraft:lapis_ore":13,"minecraft:deepslate_gold_ore":19,"minecraft:sugar_cane":4,"minecraft:diorite":60,"minecraft:amethyst_block":9,"minecraft:birch_log":3,"minecraft:birch_leaves":4,"minecraft:coal_ore":18,"minecraft:oak_log":42,"minecraft:dirt":19,"minecraft:gravel":1,"minecraft:smooth_basalt":1,"minecraft:gold_ore":12,"minecraft:oak_leaves":7,"minecraft:deepslate":49},"minecraft:dropped":{"minecraft:wheat_seeds":4,"minecraft:cooked_porkchop":5,"minecraft:oak_fence":1,"minecraft:cobblestone":24,"minecraft:granite":38,"minecraft:stick":1,"minecraft:dirt":22,"minecraft:gray_wool":2,"minecraft:diorite":43,"minecraft:pumpkin":3,"minecraft:string":3,"minecraft:smooth_basalt":1,"minecraft:gravel":3,"minecraft:stone_axe":1,"minecraft:golden_chestplate":1,"minecraft:rotten_flesh":19,"minecraft:light_gray_wool":2,"minecraft:oak_planks":15,"minecraft:cooked_mutton":1,"minecraft:white_bed":1,"minecraft:andesite":12,"minecraft:golden_leggings":1,"minecraft:oak_sapling":1,"minecraft:bow":2,"minecraft:stone_pickaxe":1,"minecraft:wooden_pickaxe":1,"minecraft:calcite":1,"minecraft:black_wool":1}},"DataVersion":3953}