{"stats":{"minecraft:picked_up":{"minecraft:crafting_table":5,"minecraft:chicken":1,"minecraft:andesite":13,"minecraft:leather":2,"minecraft:oak_log":23,"minecraft:gunpowder":4,"minecraft:amethyst_block":9,"minecraft:string":1,"minecraft:lapis_lazuli":82,"minecraft:dirt":27,"minecraft:cooked_mutton":2,"minecraft:bone":16,"minecraft:bow":2,"minecraft:wheat_seeds":4,"minecraft:cobbled_deepslate":55,"minecraft:raw_gold":25,"minecraft:beef":2,"minecraft:calcite":1,"minecraft:poppy":1,"minecraft:sugar_cane":2,"minecraft:chest":1,"minecraft:oak_planks":1,"minecraft:furnace":4,"minecraft:stick":1,"minecraft:raw_iron":76,"minecraft:smooth_basalt":1,"minecraft:cooked_porkchop":1,"minecraft:pumpkin":3,"minecraft:oak_fence":1,"minecraft:torch":1,"minecraft:gravel":2,"minecraft:porkchop":11,"minecraft:amethyst_shard":16,"minecraft:diorite":69,"minecraft:arrow":14,"minecraft:rotten_flesh":19,"minecraft:diamond":25,"minecraft:gray_wool":1,"minecraft:oak_sapling":1,"minecraft:black_wool":1,"minecraft:mutton":17,"minecraft:coal":18,"minecraft:white_wool":7,"minecraft:cobblestone":239},"minecraft:crafted":{"minecraft:cooked_beef":3,"minecraft:oak_planks":92,"minecraft:cooked_porkchop":10,"minecraft:crafting_table":2,"minecraft:iron_helmet":1,"minecraft:wooden_pickaxe":1,"minecraft:cooked_chicken":1,"minecraft:iron_sword":1,"minecraft:furnace":2,"minecraft:stone_axe":2,"minecraft:cooked_mutton":13,"minecraft:air":0,"minecraft:iron_boots":1,"minecraft:iron_chestplate":1,"minecraft:shield":1,"minecraft:stick":28,"minecraft:iron_ingot":35,"minecraft:iron_pickaxe":1,"minecraft:stone_pickaxe":4,"minecraft:stone_sword":1,"minecraft:chest":1,"minecraft:iron_leggings":1,"minecraft:white_bed":2,"minecraft:torch":24},"minecraft:killed":{"minecraft:pig":2,"minecraft:zombie_villager":1,"minecraft:spider":4,"minecraft:bat":1,"minecraft:creeper":4,"minecraft:skeleton":12,"minecraft:sheep":10,"minecraft:zombie":20,"minecraft:cow":2},"minecraft:used":{"minecraft:cooked_mutton":15,"minecraft:stone_sword":23,"minecraft:stone_pickaxe":346,"minecraft:chest":2,"minecraft:wooden_pickaxe":16,"minecraft:shield":38,"minecraft:iron_sword":81,"minecraft:cooked_chicken":1,"minecraft:rotten_flesh":3,"minecraft:iron_chestplate":1,"minecraft:torch":43,"minecraft:dirt":7,"minecraft:crafting_table":7,"minecraft:white_bed":1,"minecraft:bread":5,"minecraft:iron_pickaxe":182,"minecraft:iron_helmet":1,"minecraft:iron_boots":1,"minecraft:stone_axe":66,"minecraft:cobblestone":142,"minecraft:oak_sapling":1,"minecraft:furnace":6,"minecraft:cooked_porkchop":6,"minecraft:golden_pickaxe":1,"minecraft:cooked_beef":3,"minecraft:iron_leggings":1},"minecraft:broken":{"minecraft:stone_pickaxe":2,"minecraft:shield":1},"minecraft:custom":{"minecraft:interact_with_furnace":74,"minecraft:mob_kills":57,"minecraft:interact_with_crafting_table":20,"minecraft:time_since_death":89925,"minecraft:sleep_in_bed":1,"minecraft:time_since_rest":32544,"minecraft:sprint_one_cm":252927,"minecraft:damage_taken":2110,"minecraft:walk_one_cm":187496,"minecraft:damage_blocked_by_shield":3130,"minecraft:drop":54,"minecraft:damage_dealt":8777,"minecraft:fly_one_cm":225291,"minecraft:open_chest":9,"minecraft:crouch_one_cm":4999,"minecraft:play_time":94752,"minecraft:deaths":1,"minecraft:sneak_time":1782,"minecraft:walk_under_water_one_cm":3021,"minecraft:jump":1521,"minecraft:walk_on_water_one_cm":9297,"minecraft:total_world_time":94752,"minecraft:fall_one_cm":38027},"minecraft:mined":{"minecraft:diamond_ore":1,"minecraft:deepslate_diamond_ore":24,"minecraft:amethyst_cluster":4,"minecraft:crafting_table":5,"minecraft:torch":1,"minecraft:short_grass":19,"minecraft:calcite":1,"minecraft:grass_block":6,"minecraft:poppy":1,"minecraft:chest":1,"minecraft:tall_grass":9,"minecraft:cobblestone":16,"minecraft:deepslate_gold_ore":19,"minecraft:lapis_ore":5,"minecraft:sugar_cane":1,"minecraft:diorite":60,"minecraft:amethyst_block":9,"minecraft:furnace":4,"minecraft:iron_ore":49,"minecraft:birch_leaves":4,"minecraft:andesite":12,"minecraft:pumpkin":3,"minecraft:deepslate_lapis_ore":8,"minecraft:deepslate_iron_ore":27,"minecraft:oak_log":22,"minecraft:coal_ore":18,"minecraft:dirt":13,"minecraft:smooth_basalt":1,"minecraft:stone":227,"minecraft:deepslate":49,"minecraft:gold_ore":7,"minecraft:oak_leaves":6},"minecraft:dropped":{"minecraft:gravel":2,"minecraft:stone_axe":1,"minecraft:wheat_seeds":4,"minecraft:golden_chestplate":1,"minecraft:cooked_porkchop":5,"minecraft:oak_fence":1,"minecraft:cobblestone":22,"minecraft:rotten_flesh":15,"minecraft:oak_planks":15,"minecraft:cooked_mutton":1,"minecraft:white_bed":1,"minecraft:stick":1,"minecraft:dirt":20,"minecraft:gray_wool":1,"minecraft:diorite":43,"minecraft:andesite":12,"minecraft:golden_leggings":1,"minecraft:pumpkin":3,"minecraft:wooden_pickaxe":1,"minecraft:stone_pickaxe":1,"minecraft:calcite":1,"minecraft:string":1,"minecraft:smooth_basalt":1,"minecraft:black_wool":1}},"DataVersion":3953}