{"stats":{"minecraft:picked_up":{"minecraft:crafting_table":5,"minecraft:chicken":1,"minecraft:andesite":13,"minecraft:leather":2,"minecraft:oak_log":21,"minecraft:gunpowder":2,"minecraft:lapis_lazuli":27,"minecraft:dirt":27,"minecraft:cooked_mutton":2,"minecraft:bone":6,"minecraft:bow":1,"minecraft:wheat_seeds":4,"minecraft:cobbled_deepslate":5,"minecraft:raw_gold":7,"minecraft:beef":2,"minecraft:poppy":1,"minecraft:sugar_cane":2,"minecraft:chest":1,"minecraft:oak_planks":1,"minecraft:furnace":4,"minecraft:stick":1,"minecraft:raw_iron":39,"minecraft:cooked_porkchop":1,"minecraft:pumpkin":3,"minecraft:porkchop":11,"minecraft:diorite":69,"minecraft:arrow":6,"minecraft:rotten_flesh":13,"minecraft:diamond":2,"minecraft:gray_wool":1,"minecraft:oak_sapling":1,"minecraft:black_wool":1,"minecraft:mutton":15,"minecraft:coal":18,"minecraft:white_wool":7,"minecraft:cobblestone":207},"minecraft:crafted":{"minecraft:cooked_beef":3,"minecraft:oak_planks":84,"minecraft:cooked_porkchop":10,"minecraft:crafting_table":2,"minecraft:iron_helmet":1,"minecraft:wooden_pickaxe":1,"minecraft:cooked_chicken":1,"minecraft:iron_sword":1,"minecraft:furnace":1,"minecraft:stone_axe":2,"minecraft:cooked_mutton":13,"minecraft:air":0,"minecraft:iron_boots":1,"minecraft:iron_chestplate":1,"minecraft:shield":1,"minecraft:stick":28,"minecraft:iron_ingot":35,"minecraft:iron_pickaxe":1,"minecraft:stone_pickaxe":4,"minecraft:stone_sword":1,"minecraft:chest":1,"minecraft:iron_leggings":1,"minecraft:white_bed":2,"minecraft:torch":24},"minecraft:killed":{"minecraft:pig":2,"minecraft:creeper":3,"minecraft:skeleton":5,"minecraft:sheep":10,"minecraft:zombie":14,"minecraft:cow":2},"minecraft:used":{"minecraft:cooked_mutton":12,"minecraft:stone_sword":23,"minecraft:stone_pickaxe":336,"minecraft:chest":2,"minecraft:wooden_pickaxe":16,"minecraft:shield":20,"minecraft:iron_sword":25,"minecraft:rotten_flesh":3,"minecraft:iron_chestplate":1,"minecraft:torch":24,"minecraft:dirt":7,"minecraft:crafting_table":6,"minecraft:white_bed":1,"minecraft:iron_pickaxe":16,"minecraft:iron_helmet":1,"minecraft:iron_boots":1,"minecraft:stone_axe":62,"minecraft:cobblestone":80,"minecraft:oak_sapling":1,"minecraft:furnace":5,"minecraft:cooked_porkchop":4,"minecraft:cooked_beef":3,"minecraft:iron_leggings":1},"minecraft:broken":{"minecraft:stone_pickaxe":2},"minecraft:custom":{"minecraft:interact_with_furnace":65,"minecraft:mob_kills":37,"minecraft:interact_with_crafting_table":19,"minecraft:time_since_death":65925,"minecraft:sleep_in_bed":1,"minecraft:time_since_rest":8544,"minecraft:sprint_one_cm":142035,"minecraft:damage_taken":1564,"minecraft:walk_one_cm":131125,"minecraft:damage_blocked_by_shield":1599,"minecraft:drop":41,"minecraft:damage_dealt":5212,"minecraft:fly_one_cm":176450,"minecraft:open_chest":9,"minecraft:crouch_one_cm":4800,"minecraft:play_time":70752,"minecraft:deaths":1,"minecraft:sneak_time":1589,"minecraft:jump":1116,"minecraft:walk_on_water_one_cm":2446,"minecraft:total_world_time":70752,"minecraft:fall_one_cm":28493},"minecraft:mined":{"minecraft:deepslate_diamond_ore":2,"minecraft:crafting_table":5,"minecraft:short_grass":19,"minecraft:grass_block":6,"minecraft:poppy":1,"minecraft:chest":1,"minecraft:tall_grass":9,"minecraft:cobblestone":11,"minecraft:deepslate_gold_ore":6,"minecraft:lapis_ore":5,"minecraft:sugar_cane":1,"minecraft:diorite":60,"minecraft:furnace":4,"minecraft:iron_ore":37,"minecraft:birch_leaves":4,"minecraft:andesite":12,"minecraft:pumpkin":3,"minecraft:deepslate_iron_ore":2,"minecraft:oak_log":20,"minecraft:coal_ore":18,"minecraft:dirt":13,"minecraft:stone":203,"minecraft:deepslate":5,"minecraft:gold_ore":1,"minecraft:oak_leaves":6},"minecraft:dropped":{"minecraft:stone_axe":1,"minecraft:wheat_seeds":4,"minecraft:golden_chestplate":1,"minecraft:cooked_porkchop":3,"minecraft:cobblestone":22,"minecraft:rotten_flesh":9,"minecraft:oak_planks":15,"minecraft:cooked_mutton":1,"minecraft:white_bed":1,"minecraft:stick":1,"minecraft:dirt":20,"minecraft:gray_wool":1,"minecraft:diorite":43,"minecraft:andesite":12,"minecraft:golden_leggings":1,"minecraft:pumpkin":3,"minecraft:wooden_pickaxe":1,"minecraft:stone_pickaxe":1,"minecraft:black_wool":1}},"DataVersion":3953}