{"stats":{"minecraft:picked_up":{"minecraft:raw_iron":11,"minecraft:stick":1,"minecraft:crafting_table":3,"minecraft:pumpkin":3,"minecraft:andesite":12,"minecraft:leather":2,"minecraft:oak_log":8,"minecraft:diorite":43,"minecraft:gunpowder":2,"minecraft:dirt":15,"minecraft:cooked_mutton":2,"minecraft:wheat_seeds":1,"minecraft:beef":2,"minecraft:oak_sapling":1,"minecraft:coal":18,"minecraft:oak_planks":1,"minecraft:mutton":2,"minecraft:white_wool":1,"minecraft:cobblestone":177,"minecraft:furnace":2},"minecraft:crafted":{"minecraft:cooked_beef":3,"minecraft:oak_planks":32,"minecraft:iron_chestplate":1,"minecraft:shield":1,"minecraft:crafting_table":1,"minecraft:stick":20,"minecraft:iron_ingot":9,"minecraft:wooden_pickaxe":1,"minecraft:stone_pickaxe":3,"minecraft:stone_sword":1,"minecraft:furnace":1,"minecraft:torch":20,"minecraft:stone_axe":1,"minecraft:air":0},"minecraft:killed":{"minecraft:sheep":1,"minecraft:zombie":2,"minecraft:creeper":1,"minecraft:cow":2},"minecraft:used":{"minecraft:cooked_mutton":1,"minecraft:stone_sword":5,"minecraft:stone_pickaxe":257,"minecraft:shield":1,"minecraft:wooden_pickaxe":16,"minecraft:torch":3,"minecraft:iron_chestplate":1,"minecraft:stone_axe":18,"minecraft:dirt":7,"minecraft:cobblestone":65,"minecraft:crafting_table":4,"minecraft:furnace":2,"minecraft:oak_sapling":1,"minecraft:cooked_beef":3},"minecraft:broken":{"minecraft:stone_pickaxe":1},"minecraft:custom":{"minecraft:time_since_rest":35973,"minecraft:interact_with_furnace":17,"minecraft:sprint_one_cm":55049,"minecraft:damage_taken":729,"minecraft:walk_one_cm":60672,"minecraft:damage_blocked_by_shield":75,"minecraft:mob_kills":6,"minecraft:drop":6,"minecraft:damage_dealt":1048,"minecraft:interact_with_crafting_table":9,"minecraft:fly_one_cm":74235,"minecraft:crouch_one_cm":3908,"minecraft:play_time":40752,"minecraft:deaths":1,"minecraft:sneak_time":878,"minecraft:jump":482,"minecraft:walk_on_water_one_cm":1486,"minecraft:time_since_death":35925,"minecraft:total_world_time":40752,"minecraft:fall_one_cm":15326},"minecraft:mined":{"minecraft:furnace":2,"minecraft:iron_ore":11,"minecraft:andesite":12,"minecraft:birch_leaves":4,"minecraft:pumpkin":3,"minecraft:crafting_table":3,"minecraft:short_grass":8,"minecraft:coal_ore":18,"minecraft:grass_block":3,"minecraft:oak_log":7,"minecraft:dirt":4,"minecraft:cobblestone":7,"minecraft:stone":179,"minecraft:diorite":43,"minecraft:oak_leaves":6},"minecraft:dropped":{"minecraft:dirt":1,"minecraft:wheat_seeds":1,"minecraft:stone_pickaxe":1,"minecraft:wooden_pickaxe":1,"minecraft:cooked_mutton":1,"minecraft:stick":1}},"DataVersion":3953}